id;genero;id_classe;categoria;nome_categoria;peso_min;peso_max;idade_min;idade_max;descricao;ativo
1;MASCULINO;SUB 5;SUPERLIGEIRO;SUB 5 MASCULINO SUPERLIGEIRO (-18 kg);0.00;18.00;3;4;Atletas que completam 3 ou 4 anos no ano vigente. (Menores de 5 anos);1
2;MASCULINO;SUB 5;LIGEIRO;SUB 5 MASCULINO LIGEIRO (-20 kg);18.01;20.00;3;4;Atletas que completam 3 ou 4 anos no ano vigente. (Menores de 5 anos);1
3;MASCULINO;SUB 5;MEIO LEVE;SUB 5 MASCULINO MEIO LEVE (-22 kg);20.01;22.00;3;4;Atletas que completam 3 ou 4 anos no ano vigente. (Menores de 5 anos);1
4;MASCULINO;SUB 5;LEVE;SUB 5 MASCULINO LEVE (-24 kg);22.01;24.00;3;4;Atletas que completam 3 ou 4 anos no ano vigente. (Menores de 5 anos);1
5;MASCULINO;SUB 5;MEIO-MÉDIO;SUB 5 MASCULINO MEIO-MÉDIO (-26 kg);24.01;26.00;3;4;Atletas que completam 3 ou 4 anos no ano vigente. (Menores de 5 anos);1
6;MASCULINO;SUB 5;MÉDIO;SUB 5 MASCULINO MÉDIO (-28 kg);26.01;28.00;3;4;Atletas que completam 3 ou 4 anos no ano vigente. (Menores de 5 anos);1
7;MASCULINO;SUB 5;MEIO-PESADO;SUB 5 MASCULINO MEIO-PESADO (-30 kg);28.01;30.00;3;4;Atletas que completam 3 ou 4 anos no ano vigente. (Menores de 5 anos);1
8;MASCULINO;SUB 5;PESADO;SUB 5 MASCULINO PESADO (+30 kg);30.01;;3;4;Atletas que completam 3 ou 4 anos no ano vigente. (Menores de 5 anos);1
9;MASCULINO;SUB 5;SUPERPESADO;SUB 5 MASCULINO SUPERPESADO;;;3;4;Atletas que completam 3 ou 4 anos no ano vigente. (Menores de 5 anos);1
10;FEMININO;SUB 5;SUPER LIGEIRO;SUB 5 FEMININO SUPER LIGEIRO (-18 kg);0.00;18.00;3;4;Atletas que completam 3 ou 4 anos no ano vigente. (Menores de 5 anos);1
11;FEMININO;SUB 5;LIGEIRO;SUB 5 FEMININO LIGEIRO (-20 kg);18.01;20.00;3;4;Atletas que completam 3 ou 4 anos no ano vigente. (Menores de 5 anos);1
12;FEMININO;SUB 5;MEIO LEVE;SUB 5 FEMININO MEIO LEVE (-22 kg);20.01;22.00;3;4;Atletas que completam 3 ou 4 anos no ano vigente. (Menores de 5 anos);1
13;FEMININO;SUB 5;LEVE;SUB 5 FEMININO LEVE (-24 kg);22.01;24.00;3;4;Atletas que completam 3 ou 4 anos no ano vigente. (Menores de 5 anos);1
14;FEMININO;SUB 5;MEIO-MÉDIO;SUB 5 FEMININO MEIO-MÉDIO (-26 kg);24.01;26.00;3;4;Atletas que completam 3 ou 4 anos no ano vigente. (Menores de 5 anos);1
15;FEMININO;SUB 5;MÉDIO;SUB 5 FEMININO MÉDIO (-28 kg);26.01;28.00;3;4;Atletas que completam 3 ou 4 anos no ano vigente. (Menores de 5 anos);1
16;FEMININO;SUB 5;MEIO PESADO;SUB 5 FEMININO MEIO PESADO (-30 kg);28.01;30.00;3;4;Atletas que completam 3 ou 4 anos no ano vigente. (Menores de 5 anos);1
17;FEMININO;SUB 5;PESADO;SUB 5 FEMININO PESADO (+30 kg);30.01;;3;4;Atletas que completam 3 ou 4 anos no ano vigente. (Menores de 5 anos);1
18;FEMININO;SUB 5;SUPER PESADO;SUB 5 FEMININO SUPER PESADO;;;3;4;Atletas que completam 3 ou 4 anos no ano vigente. (Menores de 5 anos);1
19;MASCULINO;SUB 7;SUPERLIGEIRO;SUB 7 MASCULINO SUPERLIGEIRO (-22 kg);0.00;22.00;5;6;Atletas que completam 5 ou 6 anos no ano vigente. (Menores de 7 anos);1
20;MASCULINO;SUB 7;LIGEIRO;SUB 7 MASCULINO LIGEIRO (-24 kg);22.01;24.00;5;6;Atletas que completam 5 ou 6 anos no ano vigente. (Menores de 7 anos);1
21;MASCULINO;SUB 7;MEIO LEVE;SUB 7 MASCULINO MEIO LEVE (-26 kg);24.01;26.00;5;6;Atletas que completam 5 ou 6 anos no ano vigente. (Menores de 7 anos);1
22;MASCULINO;SUB 7;LEVE;SUB 7 MASCULINO LEVE (-28 kg);26.01;28.00;5;6;Atletas que completam 5 ou 6 anos no ano vigente. (Menores de 7 anos);1
23;MASCULINO;SUB 7;MEIO-MÉDIO;SUB 7 MASCULINO MEIO-MÉDIO (-30 kg);28.01;30.00;5;6;Atletas que completam 5 ou 6 anos no ano vigente. (Menores de 7 anos);1
24;MASCULINO;SUB 7;MÉDIO;SUB 7 MASCULINO MÉDIO (-32 kg);30.01;32.00;5;6;Atletas que completam 5 ou 6 anos no ano vigente. (Menores de 7 anos);1
25;MASCULINO;SUB 7;MEIO-PESADO;SUB 7 MASCULINO MEIO-PESADO (-35 kg);32.01;35.00;5;6;Atletas que completam 5 ou 6 anos no ano vigente. (Menores de 7 anos);1
26;MASCULINO;SUB 7;PESADO;SUB 7 MASCULINO PESADO (+35 kg);35.01;;5;6;Atletas que completam 5 ou 6 anos no ano vigente. (Menores de 7 anos);1
27;MASCULINO;SUB 7;SUPERPESADO;SUB 7 MASCULINO SUPERPESADO;;;5;6;Atletas que completam 5 ou 6 anos no ano vigente. (Menores de 7 anos);1
28;FEMININO;SUB 7;SUPER LIGEIRO;SUB 7 FEMININO SUPER LIGEIRO (-22 kg);0.00;22.00;5;6;Atletas que completam 5 ou 6 anos no ano vigente. (Menores de 7 anos);1
29;FEMININO;SUB 7;LIGEIRO;SUB 7 FEMININO LIGEIRO (-24 kg);22.01;24.00;5;6;Atletas que completam 5 ou 6 anos no ano vigente. (Menores de 7 anos);1
30;FEMININO;SUB 7;MEIO LEVE;SUB 7 FEMININO MEIO LEVE (-26 kg);24.01;26.00;5;6;Atletas que completam 5 ou 6 anos no ano vigente. (Menores de 7 anos);1
31;FEMININO;SUB 7;LEVE;SUB 7 FEMININO LEVE (-28 kg);26.01;28.00;5;6;Atletas que completam 5 ou 6 anos no ano vigente. (Menores de 7 anos);1
32;FEMININO;SUB 7;MEIO-MÉDIO;SUB 7 FEMININO MEIO-MÉDIO (-30 kg);28.01;30.00;5;6;Atletas que completam 5 ou 6 anos no ano vigente. (Menores de 7 anos);1
33;FEMININO;SUB 7;MÉDIO;SUB 7 FEMININO MÉDIO (-32 kg);30.01;32.00;5;6;Atletas que completam 5 ou 6 anos no ano vigente. (Menores de 7 anos);1
34;FEMININO;SUB 7;MEIO PESADO;SUB 7 FEMININO MEIO PESADO (-35 kg);32.01;35.00;5;6;Atletas que completam 5 ou 6 anos no ano vigente. (Menores de 7 anos);1
35;FEMININO;SUB 7;PESADO;SUB 7 FEMININO PESADO (+35 kg);35.01;;5;6;Atletas que completam 5 ou 6 anos no ano vigente. (Menores de 7 anos);1
36;FEMININO;SUB 7;SUPER PESADO;SUB 7 FEMININO SUPER PESADO;;;5;6;Atletas que completam 5 ou 6 anos no ano vigente. (Menores de 7 anos);1
37;MASCULINO;SUB 9;SUPERLIGEIRO;SUB 9 MASCULINO SUPERLIGEIRO (-28 kg);0.00;28.00;7;8;Atletas que completam 9 ou 10 anos no ano vigente. (Menores de 11 anos);1
38;MASCULINO;SUB 9;LIGEIRO;SUB 9 MASCULINO LIGEIRO (-30 kg);28.01;30.00;7;8;Atletas que completam 9 ou 10 anos no ano vigente. (Menores de 11 anos);1
39;MASCULINO;SUB 9;MEIO LEVE;SUB 9 MASCULINO MEIO LEVE (-33 kg);30.01;33.00;7;8;Atletas que completam 9 ou 10 anos no ano vigente. (Menores de 11 anos);1
40;MASCULINO;SUB 9;LEVE;SUB 9 MASCULINO LEVE (-36 kg);33.01;36.00;7;8;Atletas que completam 9 ou 10 anos no ano vigente. (Menores de 11 anos);1
41;MASCULINO;SUB 9;MEIO-MÉDIO;SUB 9 MASCULINO MEIO-MÉDIO (-40 kg);36.01;40.00;7;8;Atletas que completam 9 ou 10 anos no ano vigente. (Menores de 11 anos);1
42;MASCULINO;SUB 9;MÉDIO;SUB 9 MASCULINO MÉDIO (-45 kg);40.01;45.00;7;8;Atletas que completam 9 ou 10 anos no ano vigente. (Menores de 11 anos);1
43;MASCULINO;SUB 9;MEIO-PESADO;SUB 9 MASCULINO MEIO-PESADO (-50 kg);45.01;50.00;7;8;Atletas que completam 9 ou 10 anos no ano vigente. (Menores de 11 anos);1
44;MASCULINO;SUB 9;PESADO;SUB 9 MASCULINO PESADO (+50 kg);50.01;;7;8;Atletas que completam 9 ou 10 anos no ano vigente. (Menores de 11 anos);1
45;MASCULINO;SUB 9;SUPERPESADO;SUB 9 MASCULINO SUPERPESADO;;;7;8;Atletas que completam 9 ou 10 anos no ano vigente. (Menores de 11 anos);1
46;FEMININO;SUB 9;SUPER LIGEIRO;SUB 9 FEMININO SUPER LIGEIRO (-28 kg);0.00;28.00;7;8;Atletas que completam 9 ou 10 anos no ano vigente. (Menores de 11 anos);1
47;FEMININO;SUB 9;LIGEIRO;SUB 9 FEMININO LIGEIRO (-30 kg);28.01;30.00;7;8;Atletas que completam 9 ou 10 anos no ano vigente. (Menores de 11 anos);1
48;FEMININO;SUB 9;MEIO LEVE;SUB 9 FEMININO MEIO LEVE (-33 kg);30.01;33.00;7;8;Atletas que completam 9 ou 10 anos no ano vigente. (Menores de 11 anos);1
49;FEMININO;SUB 9;LEVE;SUB 9 FEMININO LEVE (-36 kg);33.01;36.00;7;8;Atletas que completam 9 ou 10 anos no ano vigente. (Menores de 11 anos);1
50;FEMININO;SUB 9;MEIO-MÉDIO;SUB 9 FEMININO MEIO-MÉDIO (-40 kg);36.01;40.00;7;8;Atletas que completam 9 ou 10 anos no ano vigente. (Menores de 11 anos);1
51;FEMININO;SUB 9;MÉDIO;SUB 9 FEMININO MÉDIO (-45 kg);40.01;45.00;7;8;Atletas que completam 9 ou 10 anos no ano vigente. (Menores de 11 anos);1
52;FEMININO;SUB 9;MEIO PESADO;SUB 9 FEMININO MEIO PESADO (-50 kg);45.01;50.00;7;8;Atletas que completam 9 ou 10 anos no ano vigente. (Menores de 11 anos);1
53;FEMININO;SUB 9;PESADO;SUB 9 FEMININO PESADO (+50 kg);50.01;;7;8;Atletas que completam 9 ou 10 anos no ano vigente. (Menores de 11 anos);1
54;FEMININO;SUB 9;SUPER PESADO;SUB 9 FEMININO SUPER PESADO;;;7;8;Atletas que completam 9 ou 10 anos no ano vigente. (Menores de 11 anos);1
55;MASCULINO;SUB 11;SUPERLIGEIRO;SUB 11 MASCULINO SUPERLIGEIRO (-28 kg);0.00;28.00;9;10;Atletas que completam 9 ou 10 anos no ano vigente. (Menores de 11 anos);1
56;MASCULINO;SUB 11;LIGEIRO;SUB 11 MASCULINO LIGEIRO (-30 kg);28.01;30.00;9;10;Atletas que completam 9 ou 10 anos no ano vigente. (Menores de 11 anos);1
57;MASCULINO;SUB 11;MEIO LEVE;SUB 11 MASCULINO MEIO LEVE (-33 kg);30.01;33.00;9;10;Atletas que completam 9 ou 10 anos no ano vigente. (Menores de 11 anos);1
58;MASCULINO;SUB 11;LEVE;SUB 11 MASCULINO LEVE (-36 kg);33.01;36.00;9;10;Atletas que completam 9 ou 10 anos no ano vigente. (Menores de 11 anos);1
59;MASCULINO;SUB 11;MEIO-MÉDIO;SUB 11 MASCULINO MEIO-MÉDIO (-40 kg);36.01;40.00;9;10;Atletas que completam 9 ou 10 anos no ano vigente. (Menores de 11 anos);1
60;MASCULINO;SUB 11;MÉDIO;SUB 11 MASCULINO MÉDIO (-45 kg);40.01;45.00;9;10;Atletas que completam 9 ou 10 anos no ano vigente. (Menores de 11 anos);1
61;MASCULINO;SUB 11;MEIO-PESADO;SUB 11 MASCULINO MEIO-PESADO (-50 kg);45.01;50.00;9;10;Atletas que completam 9 ou 10 anos no ano vigente. (Menores de 11 anos);1
62;MASCULINO;SUB 11;PESADO;SUB 11 MASCULINO PESADO (+50 kg);50.01;;9;10;Atletas que completam 9 ou 10 anos no ano vigente. (Menores de 11 anos);1
63;MASCULINO;SUB 11;SUPERPESADO;SUB 11 MASCULINO SUPERPESADO;;;9;10;;1
64;FEMININO;SUB 11;SUPER LIGEIRO;SUB 11 FEMININO SUPER LIGEIRO (-28 kg);0.00;28.00;9;10;Atletas que completam 9 ou 10 anos no ano vigente. (Menores de 11 anos);1
65;FEMININO;SUB 11;LIGEIRO;SUB 11 FEMININO LIGEIRO (-30 kg);28.01;30.00;9;10;Atletas que completam 9 ou 10 anos no ano vigente. (Menores de 11 anos);1
66;FEMININO;SUB 11;MEIO LEVE;SUB 11 FEMININO MEIO LEVE (-33 kg);30.01;33.00;9;10;Atletas que completam 9 ou 10 anos no ano vigente. (Menores de 11 anos);1
67;FEMININO;SUB 11;LEVE;SUB 11 FEMININO LEVE (-36 kg);33.01;36.00;9;10;Atletas que completam 9 ou 10 anos no ano vigente. (Menores de 11 anos);1
68;FEMININO;SUB 11;MEIO-MÉDIO;SUB 11 FEMININO MEIO-MÉDIO (-40 kg);36.01;40.00;9;10;Atletas que completam 9 ou 10 anos no ano vigente. (Menores de 11 anos);1
69;FEMININO;SUB 11;MÉDIO;SUB 11 FEMININO MÉDIO (-45 kg);40.01;45.00;9;10;Atletas que completam 9 ou 10 anos no ano vigente. (Menores de 11 anos);1
70;FEMININO;SUB 11;MEIO PESADO;SUB 11 FEMININO MEIO PESADO (-50 kg);45.01;50.00;9;10;Atletas que completam 9 ou 10 anos no ano vigente. (Menores de 11 anos);1
71;FEMININO;SUB 11;PESADO;SUB 11 FEMININO PESADO (+50 kg);50.01;;9;10;Atletas que completam 9 ou 10 anos no ano vigente. (Menores de 11 anos);1
72;FEMININO;SUB 11;SUPER PESADO;SUB 11 FEMININO SUPER PESADO;;;9;10;;1
73;MASCULINO;SUB 13;SUPERLIGEIRO;SUB 13 MASCULINO SUPERLIGEIRO (-35 kg);0.00;35.00;11;12;Atletas que completam 11 ou 12 anos no ano vigente. (Menores de 13 anos);1
74;MASCULINO;SUB 13;LIGEIRO;SUB 13 MASCULINO LIGEIRO (-40 kg);35.01;40.00;11;12;Atletas que completam 11 ou 12 anos no ano vigente. (Menores de 13 anos);1
75;MASCULINO;SUB 13;LEVE;SUB 13 MASCULINO LEVE (-45 kg);40.01;45.00;11;12;Atletas que completam 11 ou 12 anos no ano vigente. (Menores de 13 anos);1
76;MASCULINO;SUB 13;LEVE;SUB 13 MASCULINO LEVE (-50 kg);45.01;50.00;11;12;Atletas que completam 11 ou 12 anos no ano vigente. (Menores de 13 anos);1
77;MASCULINO;SUB 13;MEIO-MÉDIO;SUB 13 MASCULINO MEIO-MÉDIO (-55 kg);50.01;55.00;11;12;Atletas que completam 11 ou 12 anos no ano vigente. (Menores de 13 anos);1
78;MASCULINO;SUB 13;MÉDIO;SUB 13 MASCULINO MÉDIO (-60 kg);55.01;60.00;11;12;Atletas que completam 11 ou 12 anos no ano vigente. (Menores de 13 anos);1
79;MASCULINO;SUB 13;MEIO-PESADO;SUB 13 MASCULINO MEIO-PESADO (-66 kg);60.01;66.00;11;12;Atletas que completam 11 ou 12 anos no ano vigente. (Menores de 13 anos);1
80;MASCULINO;SUB 13;PESADO;SUB 13 MASCULINO PESADO (-73 kg);66.01;73.00;11;12;Atletas que completam 11 ou 12 anos no ano vigente. (Menores de 13 anos);1
81;MASCULINO;SUB 13;SUPERPESADO;SUB 13 MASCULINO SUPERPESADO (+73 kg);73.01;;11;12;Atletas que completam 11 ou 12 anos no ano vigente. (Menores de 13 anos);1
82;FEMININO;SUB 13;SUPER LIGEIRO;SUB 13 FEMININO SUPER LIGEIRO (-32 kg);0.00;32.00;11;12;Atletas que completam 11 ou 12 anos no ano vigente. (Menores de 13 anos);1
83;FEMININO;SUB 13;LIGEIRO;SUB 13 FEMININO LIGEIRO (-40 kg);35.01;40.00;11;12;Atletas que completam 11 ou 12 anos no ano vigente. (Menores de 13 anos);1
84;FEMININO;SUB 13;MEIO LEVE;SUB 13 FEMININO MEIO LEVE (-45 kg);40.01;45.00;11;12;Atletas que completam 11 ou 12 anos no ano vigente. (Menores de 13 anos);1
85;FEMININO;SUB 13;LEVE;SUB 13 FEMININO LEVE (-50 kg);45.01;50.00;11;12;Atletas que completam 11 ou 12 anos no ano vigente. (Menores de 13 anos);1
86;FEMININO;SUB 13;MEIO-MÉDIO;SUB 13 FEMININO MEIO-MÉDIO (-55 kg);50.01;55.00;11;12;Atletas que completam 11 ou 12 anos no ano vigente. (Menores de 13 anos);1
87;FEMININO;SUB 13;MÉDIO;SUB 13 FEMININO MÉDIO (-60 kg);55.01;60.00;11;12;Atletas que completam 11 ou 12 anos no ano vigente. (Menores de 13 anos);1
88;FEMININO;SUB 13;MEIO PESADO;SUB 13 FEMININO MEIO PESADO (-66 kg);60.01;66.00;11;12;Atletas que completam 11 ou 12 anos no ano vigente. (Menores de 13 anos);1
89;FEMININO;SUB 13;PESADO;SUB 13 FEMININO PESADO (-73 kg);66.01;73.00;11;12;Atletas que completam 11 ou 12 anos no ano vigente. (Menores de 13 anos);1
90;FEMININO;SUB 13;SUPER PESADO;SUB 13 FEMININO SUPER PESADO (+63 kg);73.01;;11;12;Atletas que completam 11 ou 12 anos no ano vigente. (Menores de 13 anos);1
91;MASCULINO;SUB 15;LIGEIRO;SUB 15 MASCULINO LIGEIRO (-40 kg);0.00;40.00;13;14;Atletas que completam 13 ou 14 anos no ano vigente. (Menores de 15 anos);1
92;MASCULINO;SUB 15;MEIO-LEVE;SUB 15 MASCULINO MEIO-LEVE (-45 kg);40.01;45.00;13;14;Atletas que completam 13 ou 14 anos no ano vigente. (Menores de 15 anos);1
93;MASCULINO;SUB 15;LEVE;SUB 15 MASCULINO LEVE (-50 kg);45.01;50.00;13;14;Atletas que completam 13 ou 14 anos no ano vigente. (Menores de 15 anos);1
94;MASCULINO;SUB 15;MEIO-MÉDIO;SUB 15 MASCULINO MEIO-MÉDIO (-55 kg);50.01;55.00;13;14;Atletas que completam 13 ou 14 anos no ano vigente. (Menores de 15 anos);1
95;MASCULINO;SUB 15;MÉDIO;SUB 15 MASCULINO MÉDIO (-60 kg);55.01;60.00;13;14;Atletas que completam 13 ou 14 anos no ano vigente. (Menores de 15 anos);1
96;MASCULINO;SUB 15;MEIO-PESADO;SUB 15 MASCULINO MEIO-PESADO (-66 kg);60.01;66.00;13;14;Atletas que completam 13 ou 14 anos no ano vigente. (Menores de 15 anos);1
97;MASCULINO;SUB 15;PESADO;SUB 15 MASCULINO PESADO (-73 kg);66.01;73.00;13;14;Atletas que completam 13 ou 14 anos no ano vigente. (Menores de 15 anos);1
98;MASCULINO;SUB 15;MEIO-PESADO;SUB 15 MASCULINO MEIO-PESADO (-81 kg);73.01;81.00;13;14;Atletas que completam 13 ou 14 anos no ano vigente. (Menores de 15 anos);1
99;MASCULINO;SUB 15;SUPER PESADO;SUB 15 MASCULINO SUPER PESADO (+100 kg);100.01;;13;14;Atletas que completam 13 ou 14 anos no ano vigente. (Menores de 15 anos);1
100;FEMININO;SUB 15;LIGEIRO;SUB 15 FEMININO LIGEIRO (-36 kg);0.00;36.00;13;14;Atletas que completam 13 ou 14 anos no ano vigente. (Menores de 15 anos);1
101;FEMININO;SUB 15;MEIO-LEVE;SUB 15 FEMININO MEIO-LEVE (-40 kg);36.01;40.00;13;14;Atletas que completam 13 ou 14 anos no ano vigente. (Menores de 15 anos);1
102;FEMININO;SUB 15;LEVE;SUB 15 FEMININO LEVE (-44 kg);40.01;44.00;13;14;Atletas que completam 13 ou 14 anos no ano vigente. (Menores de 15 anos);1
103;FEMININO;SUB 15;MEIO-MÉDIO;SUB 15 FEMININO MEIO-MÉDIO (-48 kg);44.01;48.00;13;14;Atletas que completam 13 ou 14 anos no ano vigente. (Menores de 15 anos);1
104;FEMININO;SUB 15;MÉDIO;SUB 15 FEMININO MÉDIO (-52 kg);48.01;52.00;13;14;Atletas que completam 13 ou 14 anos no ano vigente. (Menores de 15 anos);1
105;FEMININO;SUB 15;MEIO-PESADO;SUB 15 FEMININO MEIO-PESADO (-57 kg);52.01;57.00;13;14;Atletas que completam 13 ou 14 anos no ano vigente. (Menores de 15 anos);1
106;FEMININO;SUB 15;PESADO;SUB 15 FEMININO PESADO (-63 kg);57.01;63.00;13;14;Atletas que completam 13 ou 14 anos no ano vigente. (Menores de 15 anos);1
107;FEMININO;SUB 15;MEIO-PESADO;SUB 15 FEMININO MEIO-PESADO (-70 kg);63.01;70.00;13;14;Atletas que completam 13 ou 14 anos no ano vigente. (Menores de 15 anos);1
108;FEMININO;SUB 15;SUPER PESADO;SUB 15 FEMININO SUPER PESADO (+70 kg);70.01;;13;14;Atletas que completam 13 ou 14 anos no ano vigente. (Menores de 15 anos);1
109;MASCULINO;CADETE;LIGEIRO;CADETE MASCULINO LIGEIRO (-60 kg);55.01;60.00;15;17;Atletas que completam 15, 16 ou 17 anos no ano vigente. (Menores de 18 anos);1
110;MASCULINO;CADETE;MEIO-LEVE;CADETE MASCULINO MEIO-LEVE (-66 kg);60.01;66.00;15;17;Atletas que completam 15, 16 ou 17 anos no ano vigente. (Menores de 18 anos);1
111;MASCULINO;CADETE;LEVE;CADETE MASCULINO LEVE (-73 kg);66.01;73.00;15;17;Atletas que completam 15, 16 ou 17 anos no ano vigente. (Menores de 18 anos);1
112;MASCULINO;CADETE;MEIO-MÉDIO;CADETE MASCULINO MEIO-MÉDIO (-81 kg);73.01;81.00;15;17;Atletas que completam 15, 16 ou 17 anos no ano vigente. (Menores de 18 anos);1
113;MASCULINO;CADETE;MÉDIO;CADETE MASCULINO MÉDIO (-90 kg);81.01;90.00;15;17;Atletas que completam 15, 16 ou 17 anos no ano vigente. (Menores de 18 anos);1
114;MASCULINO;CADETE;MEIO-PESADO;CADETE MASCULINO MEIO-PESADO (-100 kg);90.01;100.00;15;17;Atletas que completam 15, 16 ou 17 anos no ano vigente. (Menores de 18 anos);1
115;MASCULINO;CADETE;SUPER PESADO;CADETE MASCULINO SUPER PESADO (+100 kg);100.01;;15;17;Atletas que completam 15, 16 ou 17 anos no ano vigente. (Menores de 18 anos);1
116;FEMININO;CADETE;LIGEIRO;CADETE FEMININO LIGEIRO (-48 kg);44.01;48.00;15;17;Atletas que completam 15, 16 ou 17 anos no ano vigente. (Menores de 18 anos);1
117;FEMININO;CADETE;MEIO-LEVE;CADETE FEMININO MEIO-LEVE (-52 kg);48.01;52.00;15;17;Atletas que completam 15, 16 ou 17 anos no ano vigente. (Menores de 18 anos);1
118;FEMININO;CADETE;LEVE;CADETE FEMININO LEVE (-57 kg);52.01;57.00;15;17;Atletas que completam 15, 16 ou 17 anos no ano vigente. (Menores de 18 anos);1
119;FEMININO;CADETE;MEIO-MÉDIO;CADETE FEMININO MEIO-MÉDIO (-63 kg);57.01;63.00;15;17;Atletas que completam 15, 16 ou 17 anos no ano vigente. (Menores de 18 anos);1
120;FEMININO;CADETE;MÉDIO;CADETE FEMININO MÉDIO (-70 kg);63.01;70.00;15;17;Atletas que completam 15, 16 ou 17 anos no ano vigente. (Menores de 18 anos);1
121;FEMININO;CADETE;MEIO-PESADO;CADETE FEMININO MEIO-PESADO (-78 kg);70.01;78.00;15;17;Atletas que completam 15, 16 ou 17 anos no ano vigente. (Menores de 18 anos);1
122;FEMININO;CADETE;SUPER PESADO;CADETE FEMININO SUPER PESADO (+78 kg);78.01;;15;17;Atletas que completam 15, 16 ou 17 anos no ano vigente. (Menores de 18 anos);1
123;MASCULINO;JÚNIOR;LIGEIRO;JÚNIOR MASCULINO LIGEIRO (-60 kg);55.01;60.00;15;20;Atletas que completam 15 a 20 anos no ano vigente. (Menores de 21 anos);1
124;MASCULINO;JÚNIOR;MEIO-LEVE;JÚNIOR MASCULINO MEIO-LEVE (-66 kg);60.01;66.00;15;20;Atletas que completam 15 a 20 anos no ano vigente. (Menores de 21 anos);1
125;MASCULINO;JÚNIOR;LEVE;JÚNIOR MASCULINO LEVE (-73 kg);66.01;73.00;15;20;Atletas que completam 15 a 20 anos no ano vigente. (Menores de 21 anos);1
126;MASCULINO;JÚNIOR;MEIO-MÉDIO;JÚNIOR MASCULINO MEIO-MÉDIO (-81 kg);73.01;81.00;15;20;Atletas que completam 15 a 20 anos no ano vigente. (Menores de 21 anos);1
127;MASCULINO;JÚNIOR;MÉDIO;JÚNIOR MASCULINO MÉDIO (-90 kg);81.01;90.00;15;20;Atletas que completam 15 a 20 anos no ano vigente. (Menores de 21 anos);1
128;MASCULINO;JÚNIOR;MEIO-PESADO;JÚNIOR MASCULINO MEIO-PESADO (-100 kg);90.01;100.00;15;20;Atletas que completam 15 a 20 anos no ano vigente. (Menores de 21 anos);1
129;MASCULINO;JÚNIOR;SUPER PESADO;JÚNIOR MASCULINO SUPER PESADO (+100 kg);100.01;;15;20;Atletas que completam 15 a 20 anos no ano vigente. (Menores de 21 anos);1
130;FEMININO;JÚNIOR;LIGEIRO;JÚNIOR FEMININO LIGEIRO (-48 kg);44.01;48.00;15;20;Atletas que completam 15 a 20 anos no ano vigente. (Menores de 21 anos);1
131;FEMININO;JÚNIOR;MEIO-LEVE;JÚNIOR FEMININO MEIO-LEVE (-52 kg);48.01;52.00;15;20;Atletas que completam 15 a 20 anos no ano vigente. (Menores de 21 anos);1
132;FEMININO;JÚNIOR;LEVE;JÚNIOR FEMININO LEVE (-57 kg);52.01;57.00;15;20;Atletas que completam 15 a 20 anos no ano vigente. (Menores de 21 anos);1
133;FEMININO;JÚNIOR;MEIO-MÉDIO;JÚNIOR FEMININO MEIO-MÉDIO (-63 kg);57.01;63.00;15;20;Atletas que completam 15 a 20 anos no ano vigente. (Menores de 21 anos);1
134;FEMININO;JÚNIOR;MÉDIO;JÚNIOR FEMININO MÉDIO (-70 kg);63.01;70.00;15;20;Atletas que completam 15 a 20 anos no ano vigente. (Menores de 21 anos);1
135;FEMININO;JÚNIOR;MEIO-PESADO;JÚNIOR FEMININO MEIO-PESADO (-78 kg);70.01;78.00;15;20;Atletas que completam 15 a 20 anos no ano vigente. (Menores de 21 anos);1
136;FEMININO;JÚNIOR;SUPER PESADO;JÚNIOR FEMININO SUPER PESADO (+78 kg);78.01;;15;20;Atletas que completam 15 a 20 anos no ano vigente. (Menores de 21 anos);1
137;MASCULINO;SUB-23;LIGEIRO;SUB-23 MASCULINO LIGEIRO (-60 kg);55.01;60.00;15;22;Atletas que completam 15 a 22 anos no ano vigente. (Menores de 23 anos);1
138;MASCULINO;SUB-23;MEIO-LEVE;SUB-23 MASCULINO MEIO-LEVE (-66 kg);60.01;66.00;15;22;Atletas que completam 15 a 22 anos no ano vigente. (Menores de 23 anos);1
139;MASCULINO;SUB-23;LEVE;SUB-23 MASCULINO LEVE (-73 kg);66.01;73.00;15;22;Atletas que completam 15 a 22 anos no ano vigente. (Menores de 23 anos);1
140;MASCULINO;SUB-23;MEIO-MÉDIO;SUB-23 MASCULINO MEIO-MÉDIO (-81 kg);73.01;81.00;15;22;Atletas que completam 15 a 22 anos no ano vigente. (Menores de 23 anos);1
141;MASCULINO;SUB-23;MÉDIO;SUB-23 MASCULINO MÉDIO (-90 kg);81.01;90.00;15;22;Atletas que completam 15 a 22 anos no ano vigente. (Menores de 23 anos);1
142;MASCULINO;SUB-23;MEIO-PESADO;SUB-23 MASCULINO MEIO-PESADO (-100 kg);90.01;100.00;15;22;Atletas que completam 15 a 22 anos no ano vigente. (Menores de 23 anos);1
143;MASCULINO;SUB-23;SUPER PESADO;SUB-23 MASCULINO SUPER PESADO (+100 kg);100.01;;15;22;Atletas que completam 15 a 22 anos no ano vigente. (Menores de 23 anos);1
144;FEMININO;SUB-23;LIGEIRO;SUB-23 FEMININO LIGEIRO (-48 kg);44.01;48.00;15;22;Atletas que completam 15 a 22 anos no ano vigente. (Menores de 23 anos);1
145;FEMININO;SUB-23;MEIO-LEVE;SUB-23 FEMININO MEIO-LEVE (-52 kg);48.01;52.00;15;22;Atletas que completam 15 a 22 anos no ano vigente. (Menores de 23 anos);1
146;FEMININO;SUB-23;LEVE;SUB-23 FEMININO LEVE (-57 kg);52.01;57.00;15;22;Atletas que completam 15 a 22 anos no ano vigente. (Menores de 23 anos);1
147;FEMININO;SUB-23;MEIO-MÉDIO;SUB-23 FEMININO MEIO-MÉDIO (-63 kg);57.01;63.00;15;22;Atletas que completam 15 a 22 anos no ano vigente. (Menores de 23 anos);1
148;FEMININO;SUB-23;MÉDIO;SUB-23 FEMININO MÉDIO (-70 kg);63.01;70.00;15;22;Atletas que completam 15 a 22 anos no ano vigente. (Menores de 23 anos);1
149;FEMININO;SUB-23;MEIO-PESADO;SUB-23 FEMININO MEIO-PESADO (-78 kg);70.01;78.00;15;22;Atletas que completam 15 a 22 anos no ano vigente. (Menores de 23 anos);1
150;FEMININO;SUB-23;SUPER PESADO;SUB-23 FEMININO SUPER PESADO (+78 kg);78.01;;15;22;Atletas que completam 15 a 22 anos no ano vigente. (Menores de 23 anos);1
151;MASCULINO;SÊNIOR;LIGEIRO;SÊNIOR MASCULINO LIGEIRO (-60 kg);55.01;60.00;15;;Atletas que completam 15 anos ou mais no ano vigente. (Acima de 15 anos);1
152;MASCULINO;SÊNIOR;MEIO-LEVE;SÊNIOR MASCULINO MEIO-LEVE (-66 kg);60.01;66.00;15;;Atletas que completam 15 anos ou mais no ano vigente. (Acima de 15 anos);1
153;MASCULINO;SÊNIOR;LEVE;SÊNIOR MASCULINO LEVE (-73 kg);66.01;73.00;15;;Atletas que completam 15 anos ou mais no ano vigente. (Acima de 15 anos);1
154;MASCULINO;SÊNIOR;MEIO-MÉDIO;SÊNIOR MASCULINO MEIO-MÉDIO (-81 kg);73.01;81.00;15;;Atletas que completam 15 anos ou mais no ano vigente. (Acima de 15 anos);1
155;MASCULINO;SÊNIOR;MÉDIO;SÊNIOR MASCULINO MÉDIO (-90 kg);81.01;90.00;15;;Atletas que completam 15 anos ou mais no ano vigente. (Acima de 15 anos);1
156;MASCULINO;SÊNIOR;MEIO-PESADO;SÊNIOR MASCULINO MEIO-PESADO (-100 kg);90.01;100.00;15;;Atletas que completam 15 anos ou mais no ano vigente. (Acima de 15 anos);1
157;MASCULINO;SÊNIOR;SUPER PESADO;SÊNIOR MASCULINO SUPER PESADO (+100 kg);100.01;;15;;Atletas que completam 15 anos ou mais no ano vigente. (Acima de 15 anos);1
158;FEMININO;SÊNIOR;LIGEIRO;SÊNIOR FEMININO LIGEIRO (-48 kg);44.01;48.00;15;;Atletas que completam 15 anos ou mais no ano vigente. (Acima de 15 anos);1
159;FEMININO;SÊNIOR;MEIO-LEVE;SÊNIOR FEMININO MEIO-LEVE (-52 kg);48.01;52.00;15;;Atletas que completam 15 anos ou mais no ano vigente. (Acima de 15 anos);1
160;FEMININO;SÊNIOR;LEVE;SÊNIOR FEMININO LEVE (-57 kg);52.01;57.00;15;;Atletas que completam 15 anos ou mais no ano vigente. (Acima de 15 anos);1
161;FEMININO;SÊNIOR;MEIO-MÉDIO;SÊNIOR FEMININO MEIO-MÉDIO (-63 kg);57.01;63.00;15;;Atletas que completam 15 anos ou mais no ano vigente. (Acima de 15 anos);1
162;FEMININO;SÊNIOR;MÉDIO;SÊNIOR FEMININO MÉDIO (-70 kg);63.01;70.00;15;;Atletas que completam 15 anos ou mais no ano vigente. (Acima de 15 anos);1
163;FEMININO;SÊNIOR;MEIO-PESADO;SÊNIOR FEMININO MEIO-PESADO (-78 kg);70.01;78.00;15;;Atletas que completam 15 anos ou mais no ano vigente. (Acima de 15 anos);1
164;FEMININO;SÊNIOR;SUPER PESADO;SÊNIOR FEMININO SUPER PESADO (+78 kg);78.01;;15;;Atletas que completam 15 anos ou mais no ano vigente. (Acima de 15 anos);1
165;MASCULINO;MASTER 1;LIGEIRO;MASTER 1 MASCULINO LIGEIRO (-60 kg);0.00;60.00;30;34;Atletas que completam 30 a 34 anos no ano vigente. (Master);1
166;MASCULINO;MASTER 1;MEIO-LEVE;MASTER 1 MASCULINO MEIO-LEVE (-66 kg);60.01;66.00;30;34;Atletas que completam 30 a 34 anos no ano vigente. (Master);1
167;MASCULINO;MASTER 1;LEVE;MASTER 1 MASCULINO LEVE (-73 kg);66.01;73.00;30;34;Atletas que completam 30 a 34 anos no ano vigente. (Master);1
168;MASCULINO;MASTER 1;MEIO-MÉDIO;MASTER 1 MASCULINO MEIO-MÉDIO (-81 kg);73.01;81.00;30;34;Atletas que completam 30 a 34 anos no ano vigente. (Master);1
169;MASCULINO;MASTER 1;MÉDIO;MASTER 1 MASCULINO MÉDIO (-90 kg);81.01;90.00;30;34;Atletas que completam 30 a 34 anos no ano vigente. (Master);1
170;MASCULINO;MASTER 1;MEIO-PESADO;MASTER 1 MASCULINO MEIO-PESADO (-100 kg);90.01;100.00;30;34;Atletas que completam 30 a 34 anos no ano vigente. (Master);1
171;MASCULINO;MASTER 1;SUPER PESADO;MASTER 1 MASCULINO SUPER PESADO (+100 kg);100.01;;30;34;Atletas que completam 30 a 34 anos no ano vigente. (Master);1
172;FEMININO;MASTER 1;LIGEIRO;MASTER 1 FEMININO LIGEIRO (-48 kg);0.00;48.00;30;34;Atletas que completam 30 a 34 anos no ano vigente. (Master);1
173;FEMININO;MASTER 1;MEIO-LEVE;MASTER 1 FEMININO MEIO-LEVE (-52 kg);48.01;52.00;30;34;Atletas que completam 30 a 34 anos no ano vigente. (Master);1
174;FEMININO;MASTER 1;LEVE;MASTER 1 FEMININO LEVE (-57 kg);52.01;57.00;30;34;Atletas que completam 30 a 34 anos no ano vigente. (Master);1
175;FEMININO;MASTER 1;MEIO-MÉDIO;MASTER 1 FEMININO MEIO-MÉDIO (-63 kg);57.01;63.00;30;34;Atletas que completam 30 a 34 anos no ano vigente. (Master);1
176;FEMININO;MASTER 1;MÉDIO;MASTER 1 FEMININO MÉDIO (-70 kg);63.01;70.00;30;34;Atletas que completam 30 a 34 anos no ano vigente. (Master);1
177;FEMININO;MASTER 1;MEIO-PESADO;MASTER 1 FEMININO MEIO-PESADO (-78 kg);70.01;78.00;30;34;Atletas que completam 30 a 34 anos no ano vigente. (Master);1
178;FEMININO;MASTER 1;SUPER PESADO;MASTER 1 FEMININO SUPER PESADO (+78 kg);78.01;;30;34;Atletas que completam 30 a 34 anos no ano vigente. (Master);1
179;MASCULINO;MASTER 2;LIGEIRO;MASTER 2 MASCULINO LIGEIRO (-60 kg);0.00;60.00;35;39;Atletas que completam 35 a 39 anos no ano vigente. (Master);1
180;MASCULINO;MASTER 2;MEIO-LEVE;MASTER 2 MASCULINO MEIO-LEVE (-66 kg);60.01;66.00;35;39;Atletas que completam 35 a 39 anos no ano vigente. (Master);1
181;MASCULINO;MASTER 2;LEVE;MASTER 2 MASCULINO LEVE (-73 kg);66.01;73.00;35;39;Atletas que completam 35 a 39 anos no ano vigente. (Master);1
182;MASCULINO;MASTER 2;MEIO-MÉDIO;MASTER 2 MASCULINO MEIO-MÉDIO (-81 kg);73.01;81.00;35;39;Atletas que completam 35 a 39 anos no ano vigente. (Master);1
183;MASCULINO;MASTER 2;MÉDIO;MASTER 2 MASCULINO MÉDIO (-90 kg);81.01;90.00;35;39;Atletas que completam 35 a 39 anos no ano vigente. (Master);1
184;MASCULINO;MASTER 2;MEIO-PESADO;MASTER 2 MASCULINO MEIO-PESADO (-100 kg);90.01;100.00;35;39;Atletas que completam 35 a 39 anos no ano vigente. (Master);1
185;MASCULINO;MASTER 2;SUPER PESADO;MASTER 2 MASCULINO SUPER PESADO (+100 kg);100.01;;35;39;Atletas que completam 35 a 39 anos no ano vigente. (Master);1
186;FEMININO;MASTER 2;LIGEIRO;MASTER 2 FEMININO LIGEIRO (-48 kg);0.00;48.00;35;39;Atletas que completam 35 a 39 anos no ano vigente. (Master);1
187;FEMININO;MASTER 2;MEIO-LEVE;MASTER 2 FEMININO MEIO-LEVE (-52 kg);48.01;52.00;35;39;Atletas que completam 35 a 39 anos no ano vigente. (Master);1
188;FEMININO;MASTER 2;LEVE;MASTER 2 FEMININO LEVE (-57 kg);52.01;57.00;35;39;Atletas que completam 35 a 39 anos no ano vigente. (Master);1
189;FEMININO;MASTER 2;MEIO-MÉDIO;MASTER 2 FEMININO MEIO-MÉDIO (-63 kg);57.01;63.00;35;39;Atletas que completam 35 a 39 anos no ano vigente. (Master);1
190;FEMININO;MASTER 2;MÉDIO;MASTER 2 FEMININO MÉDIO (-70 kg);63.01;70.00;35;39;Atletas que completam 35 a 39 anos no ano vigente. (Master);1
191;FEMININO;MASTER 2;MEIO-PESADO;MASTER 2 FEMININO MEIO-PESADO (-78 kg);70.01;78.00;35;39;Atletas que completam 35 a 39 anos no ano vigente. (Master);1
192;FEMININO;MASTER 2;SUPER PESADO;MASTER 2 FEMININO SUPER PESADO (+78 kg);78.01;;35;39;Atletas que completam 35 a 39 anos no ano vigente. (Master);1
193;MASCULINO;MASTER 3;LIGEIRO;MASTER 3 MASCULINO LIGEIRO (-60 kg);0.00;60.00;40;44;Atletas que completam 40 a 44 anos no ano vigente. (Master);1
194;MASCULINO;MASTER 3;MEIO-LEVE;MASTER 3 MASCULINO MEIO-LEVE (-66 kg);60.01;66.00;40;44;Atletas que completam 40 a 44 anos no ano vigente. (Master);1
195;MASCULINO;MASTER 3;LEVE;MASTER 3 MASCULINO LEVE (-73 kg);66.01;73.00;40;44;Atletas que completam 40 a 44 anos no ano vigente. (Master);1
196;MASCULINO;MASTER 3;MEIO-MÉDIO;MASTER 3 MASCULINO MEIO-MÉDIO (-81 kg);73.01;81.00;40;44;Atletas que completam 40 a 44 anos no ano vigente. (Master);1
197;MASCULINO;MASTER 3;MÉDIO;MASTER 3 MASCULINO MÉDIO (-90 kg);81.01;90.00;40;44;Atletas que completam 40 a 44 anos no ano vigente. (Master);1
198;MASCULINO;MASTER 3;MEIO-PESADO;MASTER 3 MASCULINO MEIO-PESADO (-100 kg);90.01;100.00;40;44;Atletas que completam 40 a 44 anos no ano vigente. (Master);1
199;MASCULINO;MASTER 3;SUPER PESADO;MASTER 3 MASCULINO SUPER PESADO (+100 kg);100.01;;40;44;Atletas que completam 40 a 44 anos no ano vigente. (Master);1
200;FEMININO;MASTER 3;LIGEIRO;MASTER 3 FEMININO LIGEIRO (-48 kg);0.00;48.00;40;44;Atletas que completam 40 a 44 anos no ano vigente. (Master);1
201;FEMININO;MASTER 3;MEIO-LEVE;MASTER 3 FEMININO MEIO-LEVE (-52 kg);48.01;52.00;40;44;Atletas que completam 40 a 44 anos no ano vigente. (Master);1
202;FEMININO;MASTER 3;LEVE;MASTER 3 FEMININO LEVE (-57 kg);52.01;57.00;40;44;Atletas que completam 40 a 44 anos no ano vigente. (Master);1
203;FEMININO;MASTER 3;MEIO-MÉDIO;MASTER 3 FEMININO MEIO-MÉDIO (-63 kg);57.01;63.00;40;44;Atletas que completam 40 a 44 anos no ano vigente. (Master);1
204;FEMININO;MASTER 3;MÉDIO;MASTER 3 FEMININO MÉDIO (-70 kg);63.01;70.00;40;44;Atletas que completam 40 a 44 anos no ano vigente. (Master);1
205;FEMININO;MASTER 3;MEIO-PESADO;MASTER 3 FEMININO MEIO-PESADO (-78 kg);70.01;78.00;40;44;Atletas que completam 40 a 44 anos no ano vigente. (Master);1
206;FEMININO;MASTER 3;SUPER PESADO;MASTER 3 FEMININO SUPER PESADO (+78 kg);78.01;;40;44;Atletas que completam 40 a 44 anos no ano vigente. (Master);1
207;MASCULINO;MASTER 4;LIGEIRO;MASTER 4 MASCULINO LIGEIRO (-60 kg);0.00;60.00;45;49;Atletas que completam 45 a 49 anos no ano vigente. (Master);1
208;MASCULINO;MASTER 4;MEIO-LEVE;MASTER 4 MASCULINO MEIO-LEVE (-66 kg);60.01;66.00;45;49;Atletas que completam 45 a 49 anos no ano vigente. (Master);1
209;MASCULINO;MASTER 4;LEVE;MASTER 4 MASCULINO LEVE (-73 kg);66.01;73.00;45;49;Atletas que completam 45 a 49 anos no ano vigente. (Master);1
210;MASCULINO;MASTER 4;MEIO-MÉDIO;MASTER 4 MASCULINO MEIO-MÉDIO (-81 kg);73.01;81.00;45;49;Atletas que completam 45 a 49 anos no ano vigente. (Master);1
211;MASCULINO;MASTER 4;MÉDIO;MASTER 4 MASCULINO MÉDIO (-90 kg);81.01;90.00;45;49;Atletas que completam 45 a 49 anos no ano vigente. (Master);1
212;MASCULINO;MASTER 4;MEIO-PESADO;MASTER 4 MASCULINO MEIO-PESADO (-100 kg);90.01;100.00;45;49;Atletas que completam 45 a 49 anos no ano vigente. (Master);1
213;MASCULINO;MASTER 4;SUPER PESADO;MASTER 4 MASCULINO SUPER PESADO (+100 kg);100.01;;45;49;Atletas que completam 45 a 49 anos no ano vigente. (Master);1
214;FEMININO;MASTER 4;LIGEIRO;MASTER 4 FEMININO LIGEIRO (-48 kg);0.00;48.00;45;49;Atletas que completam 45 a 49 anos no ano vigente. (Master);1
215;FEMININO;MASTER 4;MEIO-LEVE;MASTER 4 FEMININO MEIO-LEVE (-52 kg);48.01;52.00;45;49;Atletas que completam 45 a 49 anos no ano vigente. (Master);1
216;FEMININO;MASTER 4;LEVE;MASTER 4 FEMININO LEVE (-57 kg);52.01;57.00;45;49;Atletas que completam 45 a 49 anos no ano vigente. (Master);1
217;FEMININO;MASTER 4;MEIO-MÉDIO;MASTER 4 FEMININO MEIO-MÉDIO (-63 kg);57.01;63.00;45;49;Atletas que completam 45 a 49 anos no ano vigente. (Master);1
218;FEMININO;MASTER 4;MÉDIO;MASTER 4 FEMININO MÉDIO (-70 kg);63.01;70.00;45;49;Atletas que completam 45 a 49 anos no ano vigente. (Master);1
219;FEMININO;MASTER 4;MEIO-PESADO;MASTER 4 FEMININO MEIO-PESADO (-78 kg);70.01;78.00;45;49;Atletas que completam 45 a 49 anos no ano vigente. (Master);1
220;FEMININO;MASTER 4;SUPER PESADO;MASTER 4 FEMININO SUPER PESADO (+78 kg);78.01;;45;49;Atletas que completam 45 a 49 anos no ano vigente. (Master);1
221;MASCULINO;MASTER 5;LIGEIRO;MASTER 5 MASCULINO LIGEIRO (-60 kg);0.00;60.00;50;54;Atletas que completam 50 a 54 anos no ano vigente. (Master);1
222;MASCULINO;MASTER 5;MEIO-LEVE;MASTER 5 MASCULINO MEIO-LEVE (-66 kg);60.01;66.00;50;54;Atletas que completam 50 a 54 anos no ano vigente. (Master);1
223;MASCULINO;MASTER 5;LEVE;MASTER 5 MASCULINO LEVE (-73 kg);66.01;73.00;50;54;Atletas que completam 50 a 54 anos no ano vigente. (Master);1
224;MASCULINO;MASTER 5;MEIO-MÉDIO;MASTER 5 MASCULINO MEIO-MÉDIO (-81 kg);73.01;81.00;50;54;Atletas que completam 50 a 54 anos no ano vigente. (Master);1
225;MASCULINO;MASTER 5;MÉDIO;MASTER 5 MASCULINO MÉDIO (-90 kg);81.01;90.00;50;54;Atletas que completam 50 a 54 anos no ano vigente. (Master);1
226;MASCULINO;MASTER 5;MEIO-PESADO;MASTER 5 MASCULINO MEIO-PESADO (-100 kg);90.01;100.00;50;54;Atletas que completam 50 a 54 anos no ano vigente. (Master);1
227;MASCULINO;MASTER 5;SUPER PESADO;MASTER 5 MASCULINO SUPER PESADO (+100 kg);100.01;;50;54;Atletas que completam 50 a 54 anos no ano vigente. (Master);1
228;FEMININO;MASTER 5;LIGEIRO;MASTER 5 FEMININO LIGEIRO (-48 kg);0.00;48.00;50;54;Atletas que completam 50 a 54 anos no ano vigente. (Master);1
229;FEMININO;MASTER 5;MEIO-LEVE;MASTER 5 FEMININO MEIO-LEVE (-52 kg);48.01;52.00;50;54;Atletas que completam 50 a 54 anos no ano vigente. (Master);1
230;FEMININO;MASTER 5;LEVE;MASTER 5 FEMININO LEVE (-57 kg);52.01;57.00;50;54;Atletas que completam 50 a 54 anos no ano vigente. (Master);1
231;FEMININO;MASTER 5;MEIO-MÉDIO;MASTER 5 FEMININO MEIO-MÉDIO (-63 kg);57.01;63.00;50;54;Atletas que completam 50 a 54 anos no ano vigente. (Master);1
232;FEMININO;MASTER 5;MÉDIO;MASTER 5 FEMININO MÉDIO (-70 kg);63.01;70.00;50;54;Atletas que completam 50 a 54 anos no ano vigente. (Master);1
233;FEMININO;MASTER 5;MEIO-PESADO;MASTER 5 FEMININO MEIO-PESADO (-78 kg);70.01;78.00;50;54;Atletas que completam 50 a 54 anos no ano vigente. (Master);1
234;FEMININO;MASTER 5;SUPER PESADO;MASTER 5 FEMININO SUPER PESADO (+78 kg);78.01;;50;54;Atletas que completam 50 a 54 anos no ano vigente. (Master);1
235;MASCULINO;MASTER 6;LIGEIRO;MASTER 6 MASCULINO LIGEIRO (-60 kg);0.00;60.00;55;59;Atletas que completam 55 a 59 anos no ano vigente. (Master);1
236;MASCULINO;MASTER 6;MEIO-LEVE;MASTER 6 MASCULINO MEIO-LEVE (-66 kg);60.01;66.00;55;59;Atletas que completam 55 a 59 anos no ano vigente. (Master);1
237;MASCULINO;MASTER 6;LEVE;MASTER 6 MASCULINO LEVE (-73 kg);66.01;73.00;55;59;Atletas que completam 55 a 59 anos no ano vigente. (Master);1
238;MASCULINO;MASTER 6;MEIO-MÉDIO;MASTER 6 MASCULINO MEIO-MÉDIO (-81 kg);73.01;81.00;55;59;Atletas que completam 55 a 59 anos no ano vigente. (Master);1
239;MASCULINO;MASTER 6;MÉDIO;MASTER 6 MASCULINO MÉDIO (-90 kg);81.01;90.00;55;59;Atletas que completam 55 a 59 anos no ano vigente. (Master);1
240;MASCULINO;MASTER 6;MEIO-PESADO;MASTER 6 MASCULINO MEIO-PESADO (-100 kg);90.01;100.00;55;59;Atletas que completam 55 a 59 anos no ano vigente. (Master);1
241;MASCULINO;MASTER 6;SUPER PESADO;MASTER 6 MASCULINO SUPER PESADO (+100 kg);100.01;;55;59;Atletas que completam 55 a 59 anos no ano vigente. (Master);1
242;FEMININO;MASTER 6;LIGEIRO;MASTER 6 FEMININO LIGEIRO (-48 kg);0.00;48.00;55;59;Atletas que completam 55 a 59 anos no ano vigente. (Master);1
243;FEMININO;MASTER 6;MEIO-LEVE;MASTER 6 FEMININO MEIO-LEVE (-52 kg);48.01;52.00;55;59;Atletas que completam 55 a 59 anos no ano vigente. (Master);1
244;FEMININO;MASTER 6;LEVE;MASTER 6 FEMININO LEVE (-57 kg);52.01;57.00;55;59;Atletas que completam 55 a 59 anos no ano vigente. (Master);1
245;FEMININO;MASTER 6;MEIO-MÉDIO;MASTER 6 FEMININO MEIO-MÉDIO (-63 kg);57.01;63.00;55;59;Atletas que completam 55 a 59 anos no ano vigente. (Master);1
246;FEMININO;MASTER 6;MÉDIO;MASTER 6 FEMININO MÉDIO (-70 kg);63.01;70.00;55;59;Atletas que completam 55 a 59 anos no ano vigente. (Master);1
247;FEMININO;MASTER 6;MEIO-PESADO;MASTER 6 FEMININO MEIO-PESADO (-78 kg);70.01;78.00;55;59;Atletas que completam 55 a 59 anos no ano vigente. (Master);1
248;FEMININO;MASTER 6;SUPER PESADO;MASTER 6 FEMININO SUPER PESADO (+78 kg);78.01;;55;59;Atletas que completam 55 a 59 anos no ano vigente. (Master);1
249;MASCULINO;MASTER 7;LIGEIRO;MASTER 7 MASCULINO LIGEIRO (-60 kg);0.00;60.00;60;64;Atletas que completam 60 a 64 anos no ano vigente. (Master - Sem Shime-waza);1
250;MASCULINO;MASTER 7;MEIO-LEVE;MASTER 7 MASCULINO MEIO-LEVE (-66 kg);60.01;66.00;60;64;Atletas que completam 60 a 64 anos no ano vigente. (Master - Sem Shime-waza);1
251;MASCULINO;MASTER 7;LEVE;MASTER 7 MASCULINO LEVE (-73 kg);66.01;73.00;60;64;Atletas que completam 60 a 64 anos no ano vigente. (Master - Sem Shime-waza);1
252;MASCULINO;MASTER 7;MEIO-MÉDIO;MASTER 7 MASCULINO MEIO-MÉDIO (-81 kg);73.01;81.00;60;64;Atletas que completam 60 a 64 anos no ano vigente. (Master - Sem Shime-waza);1
253;MASCULINO;MASTER 7;MÉDIO;MASTER 7 MASCULINO MÉDIO (-90 kg);81.01;90.00;60;64;Atletas que completam 60 a 64 anos no ano vigente. (Master - Sem Shime-waza);1
254;MASCULINO;MASTER 7;MEIO-PESADO;MASTER 7 MASCULINO MEIO-PESADO (-100 kg);90.01;100.00;60;64;Atletas que completam 60 a 64 anos no ano vigente. (Master - Sem Shime-waza);1
255;MASCULINO;MASTER 7;SUPER PESADO;MASTER 7 MASCULINO SUPER PESADO (+100 kg);100.01;;60;64;Atletas que completam 60 a 64 anos no ano vigente. (Master - Sem Shime-waza);1
256;FEMININO;MASTER 7;LIGEIRO;MASTER 7 FEMININO LIGEIRO (-48 kg);0.00;48.00;60;64;Atletas que completam 60 a 64 anos no ano vigente. (Master - Sem Shime-waza);1
257;FEMININO;MASTER 7;MEIO-LEVE;MASTER 7 FEMININO MEIO-LEVE (-52 kg);48.01;52.00;60;64;Atletas que completam 60 a 64 anos no ano vigente. (Master - Sem Shime-waza);1
258;FEMININO;MASTER 7;LEVE;MASTER 7 FEMININO LEVE (-57 kg);52.01;57.00;60;64;Atletas que completam 60 a 64 anos no ano vigente. (Master - Sem Shime-waza);1
259;FEMININO;MASTER 7;MEIO-MÉDIO;MASTER 7 FEMININO MEIO-MÉDIO (-63 kg);57.01;63.00;60;64;Atletas que completam 60 a 64 anos no ano vigente. (Master - Sem Shime-waza);1
260;FEMININO;MASTER 7;MÉDIO;MASTER 7 FEMININO MÉDIO (-70 kg);63.01;70.00;60;64;Atletas que completam 60 a 64 anos no ano vigente. (Master - Sem Shime-waza);1
261;FEMININO;MASTER 7;MEIO-PESADO;MASTER 7 FEMININO MEIO-PESADO (-78 kg);70.01;78.00;60;64;Atletas que completam 60 a 64 anos no ano vigente. (Master - Sem Shime-waza);1
262;FEMININO;MASTER 7;SUPER PESADO;MASTER 7 FEMININO SUPER PESADO (+78 kg);78.01;;60;64;Atletas que completam 60 a 64 anos no ano vigente. (Master - Sem Shime-waza);1
263;MASCULINO;MASTER 8;LIGEIRO;MASTER 8 MASCULINO LIGEIRO (-60 kg);0.00;60.00;65;69;Atletas que completam 65 a 69 anos no ano vigente. (Master - Sem Shime-waza);1
264;MASCULINO;MASTER 8;MEIO-LEVE;MASTER 8 MASCULINO MEIO-LEVE (-66 kg);60.01;66.00;65;69;Atletas que completam 65 a 69 anos no ano vigente. (Master - Sem Shime-waza);1
265;MASCULINO;MASTER 8;LEVE;MASTER 8 MASCULINO LEVE (-73 kg);66.01;73.00;65;69;Atletas que completam 65 a 69 anos no ano vigente. (Master - Sem Shime-waza);1
266;MASCULINO;MASTER 8;MEIO-MÉDIO;MASTER 8 MASCULINO MEIO-MÉDIO (-81 kg);73.01;81.00;65;69;Atletas que completam 65 a 69 anos no ano vigente. (Master - Sem Shime-waza);1
267;MASCULINO;MASTER 8;MÉDIO;MASTER 8 MASCULINO MÉDIO (-90 kg);81.01;90.00;65;69;Atletas que completam 65 a 69 anos no ano vigente. (Master - Sem Shime-waza);1
268;MASCULINO;MASTER 8;MEIO-PESADO;MASTER 8 MASCULINO MEIO-PESADO (-100 kg);90.01;100.00;65;69;Atletas que completam 65 a 69 anos no ano vigente. (Master - Sem Shime-waza);1
269;MASCULINO;MASTER 8;SUPER PESADO;MASTER 8 MASCULINO SUPER PESADO (+100 kg);100.01;;65;69;Atletas que completam 65 a 69 anos no ano vigente. (Master - Sem Shime-waza);1
270;FEMININO;MASTER 8;LIGEIRO;MASTER 8 FEMININO LIGEIRO (-48 kg);0.00;48.00;65;69;Atletas que completam 65 a 69 anos no ano vigente. (Master - Sem Shime-waza);1
271;FEMININO;MASTER 8;MEIO-LEVE;MASTER 8 FEMININO MEIO-LEVE (-52 kg);48.01;52.00;65;69;Atletas que completam 65 a 69 anos no ano vigente. (Master - Sem Shime-waza);1
272;FEMININO;MASTER 8;LEVE;MASTER 8 FEMININO LEVE (-57 kg);52.01;57.00;65;69;Atletas que completam 65 a 69 anos no ano vigente. (Master - Sem Shime-waza);1
273;FEMININO;MASTER 8;MEIO-MÉDIO;MASTER 8 FEMININO MEIO-MÉDIO (-63 kg);57.01;63.00;65;69;Atletas que completam 65 a 69 anos no ano vigente. (Master - Sem Shime-waza);1
274;FEMININO;MASTER 8;MÉDIO;MASTER 8 FEMININO MÉDIO (-70 kg);63.01;70.00;65;69;Atletas que completam 65 a 69 anos no ano vigente. (Master - Sem Shime-waza);1
275;FEMININO;MASTER 8;MEIO-PESADO;MASTER 8 FEMININO MEIO-PESADO (-78 kg);70.01;78.00;65;69;Atletas que completam 65 a 69 anos no ano vigente. (Master - Sem Shime-waza);1
276;FEMININO;MASTER 8;SUPER PESADO;MASTER 8 FEMININO SUPER PESADO (+78 kg);78.01;;65;69;Atletas que completam 65 a 69 anos no ano vigente. (Master - Sem Shime-waza);1
277;MASCULINO;MASTER 9;LIGEIRO;MASTER 9 MASCULINO LIGEIRO (-60 kg);0.00;60.00;70;;Atletas que completam 70 anos ou mais no ano vigente. (Master - A partir de 70 - Sem Shime-waza);1
278;MASCULINO;MASTER 9;MEIO-LEVE;MASTER 9 MASCULINO MEIO-LEVE (-66 kg);60.01;66.00;70;;Atletas que completam 70 anos ou mais no ano vigente. (Master - A partir de 70 - Sem Shime-waza);1
279;MASCULINO;MASTER 9;LEVE;MASTER 9 MASCULINO LEVE (-73 kg);66.01;73.00;70;;Atletas que completam 70 anos ou mais no ano vigente. (Master - A partir de 70 - Sem Shime-waza);1
280;MASCULINO;MASTER 9;MEIO-MÉDIO;MASTER 9 MASCULINO MEIO-MÉDIO (-81 kg);73.01;81.00;70;;Atletas que completam 70 anos ou mais no ano vigente. (Master - A partir de 70 - Sem Shime-waza);1
281;MASCULINO;MASTER 9;MÉDIO;MASTER 9 MASCULINO MÉDIO (-90 kg);81.01;90.00;70;;Atletas que completam 70 anos ou mais no ano vigente. (Master - A partir de 70 - Sem Shime-waza);1
282;MASCULINO;MASTER 9;MEIO-PESADO;MASTER 9 MASCULINO MEIO-PESADO (-100 kg);90.01;100.00;70;;Atletas que completam 70 anos ou mais no ano vigente. (Master - A partir de 70 - Sem Shime-waza);1
283;MASCULINO;MASTER 9;SUPER PESADO;MASTER 9 MASCULINO SUPER PESADO (+100 kg);100.01;;70;;Atletas que completam 70 anos ou mais no ano vigente. (Master - A partir de 70 - Sem Shime-waza);1
284;FEMININO;MASTER 9;LIGEIRO;MASTER 9 FEMININO LIGEIRO (-48 kg);0.00;48.00;70;;Atletas que completam 70 anos ou mais no ano vigente. (Master - A partir de 70 - Sem Shime-waza);1
285;FEMININO;MASTER 9;MEIO-LEVE;MASTER 9 FEMININO MEIO-LEVE (-52 kg);48.01;52.00;70;;Atletas que completam 70 anos ou mais no ano vigente. (Master - A partir de 70 - Sem Shime-waza);1
286;FEMININO;MASTER 9;LEVE;MASTER 9 FEMININO LEVE (-57 kg);52.01;57.00;70;;Atletas que completam 70 anos ou mais no ano vigente. (Master - A partir de 70 - Sem Shime-waza);1
287;FEMININO;MASTER 9;MEIO-MÉDIO;MASTER 9 FEMININO MEIO-MÉDIO (-63 kg);57.01;63.00;70;;Atletas que completam 70 anos ou mais no ano vigente. (Master - A partir de 70 - Sem Shime-waza);1
288;FEMININO;MASTER 9;MÉDIO;MASTER 9 FEMININO MÉDIO (-70 kg);63.01;70.00;70;;Atletas que completam 70 anos ou mais no ano vigente. (Master - A partir de 70 - Sem Shime-waza);1
289;FEMININO;MASTER 9;MEIO-PESADO;MASTER 9 FEMININO MEIO-PESADO (-78 kg);70.01;78.00;70;;Atletas que completam 70 anos ou mais no ano vigente. (Master - A partir de 70 - Sem Shime-waza);1
290;FEMININO;MASTER 9;SUPER PESADO;MASTER 9 FEMININO SUPER PESADO (+78 kg);78.01;;70;;Atletas que completam 70 anos ou mais no ano vigente. (Master - A partir de 70 - Sem Shime-waza);1
